{"v":"5.7.11","fr":59.9400024414062,"ip":0,"op":601.000024479232,"w":500,"h":500,"nm":"Comp 1","ddd":0,"assets":[],"layers":[{"ddd":0,"ind":1,"ty":4,"nm":"chart Outlines","sr":1,"ks":{"o":{"a":0,"k":100,"ix":11},"r":{"a":0,"k":0,"ix":10},"p":{"a":0,"k":[245.209,255.922,0],"ix":2,"l":2},"a":{"a":0,"k":[256,256,0],"ix":1,"l":2},"s":{"a":0,"k":[93.27,93.27,100],"ix":6,"l":2}},"ao":0,"shapes":[{"ty":"gr","it":[{"ind":0,"ty":"sh","ix":1,"ks":{"a":0,"k":{"i":[[0,0],[1.6,8],[0.2,0],[0.2,-0.2],[8,-1.6],[0,-0.2],[-0.2,-0.2],[-1.6,-8],[-0.2,0],[-0.2,0.2],[-8,1.6],[0,0.2]],"o":[[-8.2,-1.6],[0,-0.2],[-0.2,0],[-1.6,8.2],[-0.2,0],[0,0.2],[8.2,1.6],[0,0.2],[0.2,0],[1.6,-8.2],[0.2,0],[0,0]],"v":[[16.4,-0.4],[0.4,-16.4],[0,-16.8],[-0.4,-16.4],[-16.4,-0.4],[-16.8,0],[-16.4,0.4],[-0.4,16.4],[0,16.8],[0.4,16.4],[16.4,0.4],[16.8,0]],"c":true},"ix":2},"nm":"Path 1","mn":"ADBE Vector Shape - Group","hd":false},{"ty":"fl","c":{"a":0,"k":[0.426999978458,0.8,0.426999978458,1],"ix":4},"o":{"a":0,"k":100,"ix":5},"r":1,"bm":0,"nm":"Fill 1","mn":"ADBE Vector Graphic - Fill","hd":false},{"ty":"tr","p":{"a":0,"k":[257.461,68.374],"ix":2},"a":{"a":0,"k":[0,0],"ix":1},"s":{"a":1,"k":[{"i":{"x":[0.25,0.25],"y":[1,1]},"o":{"x":[0.75,0.75],"y":[0,0]},"t":245,"s":[0,0]},{"i":{"x":[0.25,0.25],"y":[1,1]},"o":{"x":[0.75,0.75],"y":[0,0]},"t":305,"s":[165,165]},{"i":{"x":[0.25,0.25],"y":[1,1]},"o":{"x":[0.75,0.75],"y":[0,0]},"t":368,"s":[88,88]},{"i":{"x":[0.33,0.33],"y":[0.957,0.957]},"o":{"x":[0.794,0.794],"y":[0,0]},"t":490,"s":[171,171]},{"t":560.000022809268,"s":[0,0]}],"ix":3},"r":{"a":1,"k":[{"i":{"x":[0.833],"y":[0.833]},"o":{"x":[0.167],"y":[0.167]},"t":242,"s":[0]},{"t":568.000023135114,"s":[-471]}],"ix":6},"o":{"a":0,"k":100,"ix":7},"sk":{"a":0,"k":0,"ix":4},"sa":{"a":0,"k":0,"ix":5},"nm":"Transform"}],"nm":"Group 1","np":2,"cix":2,"bm":0,"ix":1,"mn":"ADBE Vector Group","hd":false},{"ty":"gr","it":[{"ind":0,"ty":"sh","ix":1,"ks":{"a":0,"k":{"i":[[0.2,0.6],[0,0.399],[0.201,0.2],[0.2,0.201],[2,-1.799],[0.2,-0.399],[0.201,-0.601],[-0.2,-0.601],[0,-0.4],[-0.2,-0.2],[-0.201,-0.201],[-2,2],[-0.2,0.399],[0,0.199],[0,0.399]],"o":[[0,-0.4],[-0.199,-0.2],[-0.2,-0.199],[-2,-1.799],[-0.199,0.201],[-0.4,0.601],[-0.2,0.6],[0,0.399],[0.199,0.399],[0.2,0.2],[2,2],[0.199,-0.201],[0.2,-0.2],[0.199,-0.2],[0.4,-0.601]],"v":[[4.8,-1.1],[4.6,-2.1],[4.2,-2.901],[3.6,-3.701],[-3.4,-3.701],[-4,-2.901],[-4.8,-1.1],[-4.8,0.9],[-4.599,1.9],[-4.2,2.7],[-3.599,3.5],[3.401,3.5],[4,2.7],[4.401,1.9],[4.6,0.9]],"c":true},"ix":2},"nm":"Path 1","mn":"ADBE Vector Shape - Group","hd":false},{"ty":"fl","c":{"a":0,"k":[0.987999949736,0.842999985639,0.438999998803,1],"ix":4},"o":{"a":0,"k":100,"ix":5},"r":1,"bm":0,"nm":"Fill 1","mn":"ADBE Vector Graphic - Fill","hd":false},{"ty":"tr","p":{"a":0,"k":[435.686,322.688],"ix":2},"a":{"a":0,"k":[0,0],"ix":1},"s":{"a":1,"k":[{"i":{"x":[0.833,0.833],"y":[1,1]},"o":{"x":[0.75,0.75],"y":[0,0]},"t":239,"s":[0,0]},{"i":{"x":[0.25,0.25],"y":[1,1]},"o":{"x":[0.75,0.75],"y":[0,0]},"t":285,"s":[210,210]},{"i":{"x":[0.25,0.25],"y":[1,1]},"o":{"x":[0.75,0.75],"y":[0,0]},"t":397,"s":[79,79]},{"i":{"x":[0.25,0.25],"y":[1,1]},"o":{"x":[0.75,0.75],"y":[0,0]},"t":474,"s":[252,252]},{"t":585.000023827538,"s":[151,151]}],"ix":3},"r":{"a":0,"k":0,"ix":6},"o":{"a":0,"k":100,"ix":7},"sk":{"a":0,"k":0,"ix":4},"sa":{"a":0,"k":0,"ix":5},"nm":"Transform"}],"nm":"Group 2","np":2,"cix":2,"bm":0,"ix":2,"mn":"ADBE Vector Group","hd":false},{"ty":"gr","it":[{"ind":0,"ty":"sh","ix":1,"ks":{"a":0,"k":{"i":[[0,0.8],[0,0.4],[0.201,0.2],[0.2,0.2],[2,-1.8],[0.2,-0.4],[0.201,-0.6],[-0.2,-0.6],[0,-0.4],[-0.2,-0.2],[-0.201,-0.2],[-2,2],[-0.199,0.4],[0,0.2],[0,0.4]],"o":[[0,-0.4],[-0.2,-0.2],[-0.2,-0.2],[-2,-1.8],[-0.2,0.2],[-0.399,0.6],[-0.2,0.6],[0,0.4],[0.2,0.4],[0.199,0.2],[2,2],[0.2,-0.2],[0.2,-0.2],[0.2,-0.2],[0.2,-0.6]],"v":[[4.901,-1.1],[4.701,-2.1],[4.299,-2.9],[3.701,-3.7],[-3.299,-3.7],[-3.901,-2.9],[-4.701,-1.1],[-4.701,0.9],[-4.5,1.9],[-4.099,2.7],[-3.5,3.5],[3.5,3.5],[4.099,2.7],[4.5,1.9],[4.701,0.9]],"c":true},"ix":2},"nm":"Path 1","mn":"ADBE Vector Shape - Group","hd":false},{"ty":"fl","c":{"a":0,"k":[0.987999949736,0.842999985639,0.438999998803,1],"ix":4},"o":{"a":0,"k":100,"ix":5},"r":1,"bm":0,"nm":"Fill 1","mn":"ADBE Vector Graphic - Fill","hd":false},{"ty":"tr","p":{"a":0,"k":[425.795,74.2],"ix":2},"a":{"a":0,"k":[0,0],"ix":1},"s":{"a":1,"k":[{"i":{"x":[0.25,0.25],"y":[1,1]},"o":{"x":[0.75,0.75],"y":[0,0]},"t":218,"s":[0,0]},{"i":{"x":[0.25,0.25],"y":[1,1]},"o":{"x":[0.75,0.75],"y":[0,0]},"t":280,"s":[283,283]},{"i":{"x":[0.25,0.25],"y":[1,1]},"o":{"x":[0.75,0.75],"y":[0,0]},"t":367,"s":[101,101]},{"i":{"x":[0.25,0.25],"y":[1,1]},"o":{"x":[0.75,0.75],"y":[0,0]},"t":472,"s":[264,264]},{"i":{"x":[0.833,0.833],"y":[1,1]},"o":{"x":[0.75,0.75],"y":[0,0]},"t":537,"s":[384,384]},{"t":592.000024112654,"s":[0,0]}],"ix":3},"r":{"a":0,"k":0,"ix":6},"o":{"a":0,"k":100,"ix":7},"sk":{"a":0,"k":0,"ix":4},"sa":{"a":0,"k":0,"ix":5},"nm":"Transform"}],"nm":"Group 3","np":2,"cix":2,"bm":0,"ix":3,"mn":"ADBE Vector Group","hd":false},{"ty":"gr","it":[{"ind":0,"ty":"sh","ix":1,"ks":{"a":0,"k":{"i":[[1.8,0.2],[0,0],[0,0],[1.8,0],[0.2,-1.8],[0,0],[0,0],[0,-1.8],[-1.8,-0.2],[0,0],[0,0],[-1.8,0],[-0.2,1.8],[0,0],[0,0],[0,1.8]],"o":[[0,0],[0,0],[0,-1.8],[-1.8,0],[0,0],[0,0],[-1.8,0],[0,1.8],[0,0],[0,0],[0,1.8],[1.8,0],[0,0],[0,0],[1.8,0],[-0.2,-1.8]],"v":[[5.8,-3.4],[3.2,-3.4],[3.2,-6],[-0.2,-9.4],[-3.6,-6],[-3.6,-3.4],[-6,-3.4],[-9.4,0],[-6,3.4],[-3.4,3.4],[-3.4,6],[0,9.4],[3.4,6],[3.4,3.4],[6,3.4],[9.4,0]],"c":true},"ix":2},"nm":"Path 1","mn":"ADBE Vector Shape - Group","hd":false},{"ty":"fl","c":{"a":0,"k":[0.957000014361,0.365000017952,0.39199999641,1],"ix":4},"o":{"a":0,"k":100,"ix":5},"r":1,"bm":0,"nm":"Fill 1","mn":"ADBE Vector Graphic - Fill","hd":false},{"ty":"tr","p":{"a":0,"k":[78.174,37.462],"ix":2},"a":{"a":0,"k":[0,0],"ix":1},"s":{"a":1,"k":[{"i":{"x":[0.25,0.25],"y":[1,1]},"o":{"x":[0.75,0.75],"y":[0,0]},"t":269,"s":[0,0]},{"i":{"x":[0.25,0.25],"y":[1,1]},"o":{"x":[0.75,0.75],"y":[0,0]},"t":318,"s":[165,165]},{"i":{"x":[0.25,0.25],"y":[1,1]},"o":{"x":[0.75,0.75],"y":[0,0]},"t":383,"s":[84,84]},{"i":{"x":[0.25,0.25],"y":[1,1]},"o":{"x":[0.75,0.75],"y":[0,0]},"t":427,"s":[254,254]},{"i":{"x":[0.833,0.833],"y":[1,1]},"o":{"x":[0.75,0.75],"y":[0,0]},"t":540,"s":[101,101]},{"t":557.000022687075,"s":[0,0]}],"ix":3},"r":{"a":1,"k":[{"i":{"x":[0.25],"y":[1]},"o":{"x":[0.75],"y":[0]},"t":250,"s":[0]},{"t":592.000024112654,"s":[723]}],"ix":6},"o":{"a":0,"k":100,"ix":7},"sk":{"a":0,"k":0,"ix":4},"sa":{"a":0,"k":0,"ix":5},"nm":"Transform"}],"nm":"Group 4","np":2,"cix":2,"bm":0,"ix":4,"mn":"ADBE Vector Group","hd":false},{"ty":"gr","it":[{"ind":0,"ty":"sh","ix":1,"ks":{"a":0,"k":{"i":[[2.8,0],[0,0],[0,0],[2.8,0],[0,-2.8],[0,0],[0,0],[0,-2.8],[-2.8,0],[0,0],[0,0],[-2.8,0],[0,2.8],[0,0],[0,0],[0,2.8]],"o":[[0,0],[0,0],[0,-2.8],[-2.8,0],[0,0],[0,0],[-2.8,0],[0,2.8],[0,0],[0,0],[0,2.8],[2.8,0],[0,0],[0,0],[2.8,0],[0,-2.8]],"v":[[8.6,-5],[5,-5],[5,-8.6],[0,-13.6],[-5,-8.6],[-5,-5],[-8.6,-5],[-13.6,0],[-8.6,5],[-5,5],[-5,8.6],[0,13.6],[5,8.6],[5,5],[8.6,5],[13.6,0]],"c":true},"ix":2},"nm":"Path 1","mn":"ADBE Vector Shape - Group","hd":false},{"ty":"fl","c":{"a":0,"k":[0.375999989229,0.728999956916,0.885999971278,1],"ix":4},"o":{"a":0,"k":100,"ix":5},"r":1,"bm":0,"nm":"Fill 1","mn":"ADBE Vector Graphic - Fill","hd":false},{"ty":"tr","p":{"a":0,"k":[407.926,213.996],"ix":2},"a":{"a":0,"k":[0,0],"ix":1},"s":{"a":1,"k":[{"i":{"x":[0.25,0.25],"y":[1,1]},"o":{"x":[0.75,0.75],"y":[0,0]},"t":278,"s":[0,0]},{"i":{"x":[0.833,0.833],"y":[1,1]},"o":{"x":[0.75,0.75],"y":[0,0]},"t":336,"s":[153,153]},{"i":{"x":[0.833,0.833],"y":[1,1]},"o":{"x":[0.167,0.167],"y":[0,0]},"t":387,"s":[65,65]},{"i":{"x":[0.833,0.833],"y":[1,1]},"o":{"x":[0.167,0.167],"y":[0,0]},"t":463,"s":[156,156]},{"i":{"x":[0.594,0.594],"y":[2.419,2.419]},"o":{"x":[0.163,0.163],"y":[0,0]},"t":512,"s":[144,144]},{"i":{"x":[0.829,0.829],"y":[1,1]},"o":{"x":[0.425,0.425],"y":[0.19,0.19]},"t":547,"s":[171.41,171.41]},{"t":575.00002342023,"s":[0,0]}],"ix":3},"r":{"a":1,"k":[{"i":{"x":[0.25],"y":[1]},"o":{"x":[0.75],"y":[0]},"t":235,"s":[0]},{"t":593.000024153385,"s":[858]}],"ix":6},"o":{"a":0,"k":100,"ix":7},"sk":{"a":0,"k":0,"ix":4},"sa":{"a":0,"k":0,"ix":5},"nm":"Transform"}],"nm":"Group 5","np":2,"cix":2,"bm":0,"ix":5,"mn":"ADBE Vector Group","hd":false},{"ty":"gr","it":[{"ty":"gr","it":[{"ind":0,"ty":"sh","ix":1,"ks":{"a":0,"k":{"i":[[0,0],[0,0]],"o":[[0,0],[0,0]],"v":[[408.812,483.221],[408.812,490.447]],"c":false},"ix":2},"nm":"Path 1","mn":"ADBE Vector Shape - Group","hd":false},{"ty":"st","c":{"a":0,"k":[0,0.187999994615,0.286000001197,1],"ix":3},"o":{"a":0,"k":100,"ix":4},"w":{"a":0,"k":10,"ix":5},"lc":2,"lj":2,"bm":0,"nm":"Stroke 1","mn":"ADBE Vector Graphic - Stroke","hd":false},{"ty":"tr","p":{"a":0,"k":[0,0],"ix":2},"a":{"a":0,"k":[0,0],"ix":1},"s":{"a":0,"k":[100,100],"ix":3},"r":{"a":0,"k":0,"ix":6},"o":{"a":0,"k":100,"ix":7},"sk":{"a":0,"k":0,"ix":4},"sa":{"a":0,"k":0,"ix":5},"nm":"Transform"}],"nm":"Group 6","np":2,"cix":2,"bm":0,"ix":1,"mn":"ADBE Vector Group","hd":false},{"ty":"gr","it":[{"ind":0,"ty":"sh","ix":1,"ks":{"a":0,"k":{"i":[[0,0],[0,0]],"o":[[0,0],[0,0]],"v":[[328.612,483.221],[328.612,490.447]],"c":false},"ix":2},"nm":"Path 1","mn":"ADBE Vector Shape - Group","hd":false},{"ty":"st","c":{"a":0,"k":[0,0.187999994615,0.286000001197,1],"ix":3},"o":{"a":0,"k":100,"ix":4},"w":{"a":0,"k":10,"ix":5},"lc":2,"lj":2,"bm":0,"nm":"Stroke 1","mn":"ADBE Vector Graphic - Stroke","hd":false},{"ty":"tr","p":{"a":0,"k":[0,0],"ix":2},"a":{"a":0,"k":[0,0],"ix":1},"s":{"a":0,"k":[100,100],"ix":3},"r":{"a":0,"k":0,"ix":6},"o":{"a":0,"k":100,"ix":7},"sk":{"a":0,"k":0,"ix":4},"sa":{"a":0,"k":0,"ix":5},"nm":"Transform"}],"nm":"Group 7","np":2,"cix":2,"bm":0,"ix":2,"mn":"ADBE Vector Group","hd":false},{"ty":"gr","it":[{"ind":0,"ty":"sh","ix":1,"ks":{"a":0,"k":{"i":[[0,0],[0,0]],"o":[[0,0],[0,0]],"v":[[248.513,483.221],[248.513,490.447]],"c":false},"ix":2},"nm":"Path 1","mn":"ADBE Vector Shape - Group","hd":false},{"ty":"st","c":{"a":0,"k":[0,0.187999994615,0.286000001197,1],"ix":3},"o":{"a":0,"k":100,"ix":4},"w":{"a":0,"k":10,"ix":5},"lc":2,"lj":2,"bm":0,"nm":"Stroke 1","mn":"ADBE Vector Graphic - Stroke","hd":false},{"ty":"tr","p":{"a":0,"k":[0,0],"ix":2},"a":{"a":0,"k":[0,0],"ix":1},"s":{"a":0,"k":[100,100],"ix":3},"r":{"a":0,"k":0,"ix":6},"o":{"a":0,"k":100,"ix":7},"sk":{"a":0,"k":0,"ix":4},"sa":{"a":0,"k":0,"ix":5},"nm":"Transform"}],"nm":"Group 8","np":2,"cix":2,"bm":0,"ix":3,"mn":"ADBE Vector Group","hd":false},{"ty":"gr","it":[{"ind":0,"ty":"sh","ix":1,"ks":{"a":0,"k":{"i":[[0,0],[0,0]],"o":[[0,0],[0,0]],"v":[[168.413,483.221],[168.413,490.447]],"c":false},"ix":2},"nm":"Path 1","mn":"ADBE Vector Shape - Group","hd":false},{"ty":"st","c":{"a":0,"k":[0,0.187999994615,0.286000001197,1],"ix":3},"o":{"a":0,"k":100,"ix":4},"w":{"a":0,"k":10,"ix":5},"lc":2,"lj":2,"bm":0,"nm":"Stroke 1","mn":"ADBE Vector Graphic - Stroke","hd":false},{"ty":"tr","p":{"a":0,"k":[0,0],"ix":2},"a":{"a":0,"k":[0,0],"ix":1},"s":{"a":0,"k":[100,100],"ix":3},"r":{"a":0,"k":0,"ix":6},"o":{"a":0,"k":100,"ix":7},"sk":{"a":0,"k":0,"ix":4},"sa":{"a":0,"k":0,"ix":5},"nm":"Transform"}],"nm":"Group 9","np":2,"cix":2,"bm":0,"ix":4,"mn":"ADBE Vector Group","hd":false},{"ty":"gr","it":[{"ind":0,"ty":"sh","ix":1,"ks":{"a":0,"k":{"i":[[0,0],[0,0]],"o":[[0,0],[0,0]],"v":[[11.212,103.421],[3.987,103.421]],"c":false},"ix":2},"nm":"Path 1","mn":"ADBE Vector Shape - Group","hd":false},{"ty":"st","c":{"a":0,"k":[0,0.187999994615,0.286000001197,1],"ix":3},"o":{"a":0,"k":100,"ix":4},"w":{"a":0,"k":10,"ix":5},"lc":2,"lj":2,"bm":0,"nm":"Stroke 1","mn":"ADBE Vector Graphic - Stroke","hd":false},{"ty":"tr","p":{"a":0,"k":[0,0],"ix":2},"a":{"a":0,"k":[0,0],"ix":1},"s":{"a":0,"k":[100,100],"ix":3},"r":{"a":0,"k":0,"ix":6},"o":{"a":0,"k":100,"ix":7},"sk":{"a":0,"k":0,"ix":4},"sa":{"a":0,"k":0,"ix":5},"nm":"Transform"}],"nm":"Group 10","np":2,"cix":2,"bm":0,"ix":5,"mn":"ADBE Vector Group","hd":false},{"ty":"gr","it":[{"ind":0,"ty":"sh","ix":1,"ks":{"a":0,"k":{"i":[[0,0],[0,0]],"o":[[0,0],[0,0]],"v":[[11.212,179.421],[3.987,179.421]],"c":false},"ix":2},"nm":"Path 1","mn":"ADBE Vector Shape - Group","hd":false},{"ty":"st","c":{"a":0,"k":[0,0.187999994615,0.286000001197,1],"ix":3},"o":{"a":0,"k":100,"ix":4},"w":{"a":0,"k":10,"ix":5},"lc":2,"lj":2,"bm":0,"nm":"Stroke 1","mn":"ADBE Vector Graphic - Stroke","hd":false},{"ty":"tr","p":{"a":0,"k":[0,0],"ix":2},"a":{"a":0,"k":[0,0],"ix":1},"s":{"a":0,"k":[100,100],"ix":3},"r":{"a":0,"k":0,"ix":6},"o":{"a":0,"k":100,"ix":7},"sk":{"a":0,"k":0,"ix":4},"sa":{"a":0,"k":0,"ix":5},"nm":"Transform"}],"nm":"Group 11","np":2,"cix":2,"bm":0,"ix":6,"mn":"ADBE Vector Group","hd":false},{"ty":"gr","it":[{"ind":0,"ty":"sh","ix":1,"ks":{"a":0,"k":{"i":[[0,0],[0,0]],"o":[[0,0],[0,0]],"v":[[11.212,255.221],[3.987,255.221]],"c":false},"ix":2},"nm":"Path 1","mn":"ADBE Vector Shape - Group","hd":false},{"ty":"st","c":{"a":0,"k":[0,0.187999994615,0.286000001197,1],"ix":3},"o":{"a":0,"k":100,"ix":4},"w":{"a":0,"k":10,"ix":5},"lc":2,"lj":2,"bm":0,"nm":"Stroke 1","mn":"ADBE Vector Graphic - Stroke","hd":false},{"ty":"tr","p":{"a":0,"k":[0,0],"ix":2},"a":{"a":0,"k":[0,0],"ix":1},"s":{"a":0,"k":[100,100],"ix":3},"r":{"a":0,"k":0,"ix":6},"o":{"a":0,"k":100,"ix":7},"sk":{"a":0,"k":0,"ix":4},"sa":{"a":0,"k":0,"ix":5},"nm":"Transform"}],"nm":"Group 12","np":2,"cix":2,"bm":0,"ix":7,"mn":"ADBE Vector Group","hd":false},{"ty":"gr","it":[{"ind":0,"ty":"sh","ix":1,"ks":{"a":0,"k":{"i":[[0,0],[0,0]],"o":[[0,0],[0,0]],"v":[[11.212,331.021],[3.987,331.021]],"c":false},"ix":2},"nm":"Path 1","mn":"ADBE Vector Shape - Group","hd":false},{"ty":"st","c":{"a":0,"k":[0,0.187999994615,0.286000001197,1],"ix":3},"o":{"a":0,"k":100,"ix":4},"w":{"a":0,"k":10,"ix":5},"lc":2,"lj":2,"bm":0,"nm":"Stroke 1","mn":"ADBE Vector Graphic - Stroke","hd":false},{"ty":"tr","p":{"a":0,"k":[0,0],"ix":2},"a":{"a":0,"k":[0,0],"ix":1},"s":{"a":0,"k":[100,100],"ix":3},"r":{"a":0,"k":0,"ix":6},"o":{"a":0,"k":100,"ix":7},"sk":{"a":0,"k":0,"ix":4},"sa":{"a":0,"k":0,"ix":5},"nm":"Transform"}],"nm":"Group 13","np":2,"cix":2,"bm":0,"ix":8,"mn":"ADBE Vector Group","hd":false},{"ty":"gr","it":[{"ind":0,"ty":"sh","ix":1,"ks":{"a":0,"k":{"i":[[0,0],[0,0]],"o":[[0,0],[0,0]],"v":[[11.212,406.821],[3.987,406.821]],"c":false},"ix":2},"nm":"Path 1","mn":"ADBE Vector Shape - Group","hd":false},{"ty":"st","c":{"a":0,"k":[0,0.187999994615,0.286000001197,1],"ix":3},"o":{"a":0,"k":100,"ix":4},"w":{"a":0,"k":10,"ix":5},"lc":2,"lj":2,"bm":0,"nm":"Stroke 1","mn":"ADBE Vector Graphic - Stroke","hd":false},{"ty":"tr","p":{"a":0,"k":[0,0],"ix":2},"a":{"a":0,"k":[0,0],"ix":1},"s":{"a":0,"k":[100,100],"ix":3},"r":{"a":0,"k":0,"ix":6},"o":{"a":0,"k":100,"ix":7},"sk":{"a":0,"k":0,"ix":4},"sa":{"a":0,"k":0,"ix":5},"nm":"Transform"}],"nm":"Group 14","np":2,"cix":2,"bm":0,"ix":9,"mn":"ADBE Vector Group","hd":false},{"ty":"gr","it":[{"ind":0,"ty":"sh","ix":1,"ks":{"a":0,"k":{"i":[[0,0],[0,0]],"o":[[0,0],[0,0]],"v":[[88.212,483.221],[88.212,490.447]],"c":false},"ix":2},"nm":"Path 1","mn":"ADBE Vector Shape - Group","hd":false},{"ty":"st","c":{"a":0,"k":[0,0.187999994615,0.286000001197,1],"ix":3},"o":{"a":0,"k":100,"ix":4},"w":{"a":0,"k":10,"ix":5},"lc":2,"lj":2,"bm":0,"nm":"Stroke 1","mn":"ADBE Vector Graphic - Stroke","hd":false},{"ty":"tr","p":{"a":0,"k":[0,0],"ix":2},"a":{"a":0,"k":[0,0],"ix":1},"s":{"a":0,"k":[100,100],"ix":3},"r":{"a":0,"k":0,"ix":6},"o":{"a":0,"k":100,"ix":7},"sk":{"a":0,"k":0,"ix":4},"sa":{"a":0,"k":0,"ix":5},"nm":"Transform"}],"nm":"Group 15","np":2,"cix":2,"bm":0,"ix":10,"mn":"ADBE Vector Group","hd":false},{"ty":"tm","s":{"a":1,"k":[{"i":{"x":[0],"y":[1]},"o":{"x":[0.08],"y":[0]},"t":83,"s":[0]},{"i":{"x":[0],"y":[1]},"o":{"x":[0.167],"y":[0]},"t":148,"s":[100]},{"i":{"x":[0.667],"y":[1]},"o":{"x":[0.167],"y":[0.167]},"t":570,"s":[100]},{"t":582.000023705346,"s":[0]}],"ix":1},"e":{"a":0,"k":0,"ix":2},"o":{"a":0,"k":0,"ix":3},"m":1,"ix":11,"nm":"Trim Paths 1","mn":"ADBE Vector Filter - Trim","hd":false},{"ty":"tr","p":{"a":0,"k":[206.4,296.934],"ix":2},"a":{"a":0,"k":[206.4,296.934],"ix":1},"s":{"a":0,"k":[100,100],"ix":3},"r":{"a":0,"k":0,"ix":6},"o":{"a":0,"k":100,"ix":7},"sk":{"a":0,"k":0,"ix":4},"sa":{"a":0,"k":0,"ix":5},"nm":"Transform"}],"nm":"Group 20","np":11,"cix":2,"bm":0,"ix":6,"mn":"ADBE Vector Group","hd":false},{"ty":"gr","it":[{"ind":0,"ty":"sh","ix":1,"ks":{"a":0,"k":{"i":[[0,0],[0,0],[0,0]],"o":[[0,0],[0,0],[0,0]],"v":[[244.733,211.533],[-244.733,211.533],[-244.733,-211.533]],"c":false},"ix":2},"nm":"Path 1","mn":"ADBE Vector Shape - Group","hd":false},{"ty":"tm","s":{"a":1,"k":[{"i":{"x":[0.25],"y":[1]},"o":{"x":[0.75],"y":[0]},"t":16,"s":[53]},{"i":{"x":[0.25],"y":[1]},"o":{"x":[0.75],"y":[0]},"t":66,"s":[100]},{"i":{"x":[0.833],"y":[1]},"o":{"x":[0.75],"y":[0]},"t":582,"s":[100]},{"t":600.000024438501,"s":[53]}],"ix":1},"e":{"a":1,"k":[{"i":{"x":[0.25],"y":[1]},"o":{"x":[0.75],"y":[0]},"t":16,"s":[53]},{"i":{"x":[0.25],"y":[1]},"o":{"x":[0.75],"y":[0]},"t":66,"s":[0]},{"i":{"x":[0.833],"y":[1]},"o":{"x":[0.75],"y":[0]},"t":582,"s":[0]},{"t":600.000024438501,"s":[53]}],"ix":2},"o":{"a":0,"k":0,"ix":3},"m":1,"ix":2,"nm":"Trim Paths 1","mn":"ADBE Vector Filter - Trim","hd":false},{"ty":"st","c":{"a":0,"k":[0,0.187999994615,0.286000001197,1],"ix":3},"o":{"a":0,"k":100,"ix":4},"w":{"a":0,"k":10,"ix":5},"lc":2,"lj":2,"bm":0,"nm":"Stroke 1","mn":"ADBE Vector Graphic - Stroke","hd":false},{"ty":"tr","p":{"a":0,"k":[260.946,266.688],"ix":2},"a":{"a":0,"k":[0,0],"ix":1},"s":{"a":0,"k":[100,100],"ix":3},"r":{"a":0,"k":0,"ix":6},"o":{"a":0,"k":100,"ix":7},"sk":{"a":0,"k":0,"ix":4},"sa":{"a":0,"k":0,"ix":5},"nm":"Transform"}],"nm":"Group 16","np":3,"cix":2,"bm":0,"ix":7,"mn":"ADBE Vector Group","hd":false},{"ty":"gr","it":[{"ind":0,"ty":"sh","ix":1,"ks":{"a":1,"k":[{"i":{"x":0.667,"y":1},"o":{"x":0.167,"y":0.167},"t":199,"s":[{"i":[[0,0],[0,0],[-21.452,0],[-9.937,-0.167],[-11.394,0]],"o":[[0,0],[0,0],[15.925,0],[28.121,0.473],[0,0]],"v":[[-65.411,86.568],[-65.143,86.575],[-26.193,87.105],[19.156,86.961],[63.535,86.852]],"c":false}]},{"i":{"x":0.667,"y":1},"o":{"x":0.167,"y":0.167},"t":233,"s":[{"i":[[0,0],[0,0],[-21.452,0],[-18.743,-64.199],[-11.394,0]],"o":[[0,0],[0,0],[15.925,0],[18.744,64.201],[0,0]],"v":[[-66.483,83.351],[-66.483,-46.372],[-38.791,-84.172],[1.465,-10.872],[66.483,84.171]],"c":false}]},{"i":{"x":0.667,"y":1},"o":{"x":0.167,"y":0.167},"t":302,"s":[{"i":[[0,0],[0,0],[-21.452,0],[-18.743,-64.199],[-11.394,0]],"o":[[0,0],[0,0],[15.925,0],[18.744,64.201],[0,0]],"v":[[-66.483,83.351],[-66.483,-46.372],[-38.791,-84.172],[1.465,-10.872],[66.483,84.171]],"c":false}]},{"i":{"x":0.667,"y":1},"o":{"x":0.167,"y":0.167},"t":380,"s":[{"i":[[0,0],[0,0],[-21.452,0],[-11.398,-34.946],[-11.394,0]],"o":[[0,0],[0,0],[15.925,0],[11.398,34.946],[0,0]],"v":[[-66.483,83.351],[-66.664,-46.64],[-35.568,-25.203],[9.774,11.643],[66.483,84.171]],"c":false}]},{"i":{"x":0.667,"y":1},"o":{"x":0.167,"y":0.167},"t":401,"s":[{"i":[[0,0],[0,0],[-21.452,0],[-11.398,-34.946],[-11.394,0]],"o":[[0,0],[0,0],[15.925,0],[11.398,34.946],[0,0]],"v":[[-66.483,83.351],[-66.664,-46.64],[-35.568,-25.203],[9.774,11.643],[66.483,84.171]],"c":false}]},{"i":{"x":0.667,"y":1},"o":{"x":0.167,"y":0.167},"t":483,"s":[{"i":[[0,0],[0,0],[-21.452,0],[-18.743,-64.199],[-11.394,0]],"o":[[0,0],[0,0],[15.925,0],[18.744,64.201],[0,0]],"v":[[-66.483,83.351],[-66.483,-46.372],[-38.791,-84.172],[1.465,-10.872],[66.483,84.171]],"c":false}]},{"i":{"x":0.833,"y":1},"o":{"x":0.167,"y":0.167},"t":575,"s":[{"i":[[0,0],[0,0],[-21.452,0],[-18.743,-64.199],[-11.394,0]],"o":[[0,0],[0,0],[15.925,0],[18.744,64.201],[0,0]],"v":[[-66.483,83.351],[-66.483,-46.372],[-38.791,-84.172],[1.465,-10.872],[66.483,84.171]],"c":false}]},{"t":591.000024071923,"s":[{"i":[[0,0],[0,0],[-21.452,0],[-9.937,-0.167],[-11.394,0]],"o":[[0,0],[0,0],[15.925,0],[28.121,0.473],[0,0]],"v":[[-65.411,86.568],[-65.143,86.575],[-26.193,87.105],[19.155,86.961],[63.535,86.852]],"c":false}]}],"ix":2},"nm":"Path 1","mn":"ADBE Vector Shape - Group","hd":false},{"ty":"fl","c":{"a":0,"k":[0.011764706112,0.32549020648,0.643137276173,1],"ix":4},"o":{"a":0,"k":100,"ix":5},"r":1,"bm":0,"nm":"Fill 1","mn":"ADBE Vector Graphic - Fill","hd":false},{"ty":"tr","p":{"a":0,"k":[397.303,391.493],"ix":2},"a":{"a":0,"k":[0,0],"ix":1},"s":{"a":0,"k":[100,100],"ix":3},"r":{"a":0,"k":0,"ix":6},"o":{"a":1,"k":[{"i":{"x":[0.833],"y":[0.833]},"o":{"x":[0.167],"y":[0.167]},"t":188,"s":[0]},{"t":196.000007983244,"s":[100]}],"ix":7},"sk":{"a":0,"k":0,"ix":4},"sa":{"a":0,"k":0,"ix":5},"nm":"Transform"}],"nm":"Group 17","np":2,"cix":2,"bm":0,"ix":8,"mn":"ADBE Vector Group","hd":false},{"ty":"gr","it":[{"ind":0,"ty":"sh","ix":1,"ks":{"a":1,"k":[{"i":{"x":0.667,"y":1},"o":{"x":0.167,"y":0.167},"t":184,"s":[{"i":[[0,0],[0,0],[-19.505,-0.08],[-13.287,-0.585],[0,0]],"o":[[0,0],[0,0],[33.839,0.139],[0,0],[0,0]],"v":[[-82.781,135.388],[-82.915,135.33],[-5.623,136.012],[81.173,136.468],[81.173,136.46]],"c":false}]},{"i":{"x":0.667,"y":1},"o":{"x":0.167,"y":0.167},"t":217,"s":[{"i":[[0,0],[0,0],[-46.684,-25.092],[-12.642,44.366],[0,0]],"o":[[0,0],[0,0],[34.666,18.634],[0,0],[0,0]],"v":[[-83.317,133.512],[-83.317,-133.512],[-12.324,53.188],[83.317,3.789],[83.317,133.512]],"c":false}]},{"i":{"x":0.667,"y":1},"o":{"x":0.167,"y":0.167},"t":286,"s":[{"i":[[0,0],[0,0],[-46.684,-25.092],[-12.642,44.366],[0,0]],"o":[[0,0],[0,0],[34.666,18.634],[0,0],[0,0]],"v":[[-83.317,133.512],[-83.317,-133.512],[-12.324,53.188],[83.317,3.789],[83.317,133.512]],"c":false}]},{"i":{"x":0.667,"y":1},"o":{"x":0.167,"y":0.167},"t":347,"s":[{"i":[[0,0],[0,0],[-46.684,-25.092],[-5.744,9.6],[0,0]],"o":[[0,0],[0,0],[34.666,18.634],[0,0],[0,0]],"v":[[-83.317,133.512],[-83.074,-49.884],[-12.386,-170.892],[83.209,3.521],[83.317,133.512]],"c":false}]},{"i":{"x":0.667,"y":1},"o":{"x":0.167,"y":0.167},"t":436,"s":[{"i":[[0,0],[0,0],[-46.684,-25.092],[-5.744,9.6],[0,0]],"o":[[0,0],[0,0],[34.666,18.634],[0,0],[0,0]],"v":[[-83.317,133.512],[-83.074,-49.884],[-12.386,-170.892],[83.209,3.521],[83.317,133.512]],"c":false}]},{"i":{"x":0.667,"y":1},"o":{"x":0.167,"y":0.167},"t":509,"s":[{"i":[[0,0],[0,0],[-46.684,-25.092],[-12.642,44.366],[0,0]],"o":[[0,0],[0,0],[34.666,18.634],[0,0],[0,0]],"v":[[-83.317,133.512],[-83.317,-133.512],[-12.324,53.188],[83.317,3.789],[83.317,133.512]],"c":false}]},{"i":{"x":0.833,"y":1},"o":{"x":0.167,"y":0.167},"t":573,"s":[{"i":[[0,0],[0,0],[-46.684,-25.092],[-12.642,44.366],[0,0]],"o":[[0,0],[0,0],[34.666,18.634],[0,0],[0,0]],"v":[[-83.317,133.512],[-83.317,-133.512],[-12.324,53.188],[83.317,3.789],[83.317,133.512]],"c":false}]},{"t":589.000023990462,"s":[{"i":[[0,0],[0,0],[-19.505,-0.08],[-13.287,-0.585],[0,0]],"o":[[0,0],[0,0],[33.839,0.139],[0,0],[0,0]],"v":[[-82.781,135.388],[-82.915,135.33],[-5.623,136.012],[81.173,136.468],[81.173,136.46]],"c":false}]}],"ix":2},"nm":"Path 1","mn":"ADBE Vector Shape - Group","hd":false},{"ty":"fl","c":{"a":0,"k":[0.007843137719,0.243137255311,0.490196079016,1],"ix":4},"o":{"a":0,"k":100,"ix":5},"r":1,"bm":0,"nm":"Fill 1","mn":"ADBE Vector Graphic - Fill","hd":false},{"ty":"tr","p":{"a":0,"k":[248.003,341.333],"ix":2},"a":{"a":0,"k":[0,0],"ix":1},"s":{"a":0,"k":[100,100],"ix":3},"r":{"a":0,"k":0,"ix":6},"o":{"a":1,"k":[{"i":{"x":[0.833],"y":[0.833]},"o":{"x":[0.167],"y":[0.167]},"t":170,"s":[0]},{"t":178.000007250089,"s":[100]}],"ix":7},"sk":{"a":0,"k":0,"ix":4},"sa":{"a":0,"k":0,"ix":5},"nm":"Transform"}],"nm":"Group 18","np":2,"cix":2,"bm":0,"ix":9,"mn":"ADBE Vector Group","hd":false},{"ty":"gr","it":[{"ind":0,"ty":"sh","ix":1,"ks":{"a":1,"k":[{"i":{"x":0.667,"y":1},"o":{"x":0.167,"y":0.167},"t":161,"s":[{"i":[[0,0],[-14.988,-0.122],[-7.787,-0.087],[-12.333,0],[-13.918,-0.88],[0,0],[0,0]],"o":[[0,0],[8.063,0.065],[11.237,0.126],[12.333,0],[0.288,0.193],[0,0],[0,0]],"v":[[-71.165,188.913],[-32.022,189.357],[-7.589,189.029],[21.924,189.005],[71.71,189.498],[71.969,189.138],[71.969,188.928]],"c":false}]},{"i":{"x":0.667,"y":1},"o":{"x":0.167,"y":0.167},"t":193,"s":[{"i":[[0,0],[-24.004,77.372],[-4.218,23.216],[-17.74,0.15],[-1.32,-13.745],[0,0],[0,0]],"o":[[0,0],[24.004,-77.373],[7.634,-42.015],[17.948,-0.152],[1.13,11.762],[0,0],[0,0]],"v":[[-74.381,187.036],[-21.837,71.689],[18.679,-135.297],[50.872,-237.979],[68.761,-177.177],[72.237,-81.312],[72.237,185.712]],"c":false}]},{"i":{"x":0.667,"y":1},"o":{"x":0.167,"y":0.167},"t":262,"s":[{"i":[[0,0],[-24.004,77.372],[-4.218,23.216],[-17.74,0.15],[-1.32,-13.745],[0,0],[0,0]],"o":[[0,0],[24.004,-77.373],[7.634,-42.015],[17.948,-0.152],[1.13,11.762],[0,0],[0,0]],"v":[[-74.381,187.036],[-21.837,71.689],[18.679,-135.297],[50.872,-237.979],[68.761,-177.177],[72.237,-81.312],[72.237,185.712]],"c":false}]},{"i":{"x":0.667,"y":1},"o":{"x":0.167,"y":0.167},"t":368,"s":[{"i":[[0,0],[-11.815,37.46],[-10.165,14.616],[-10.136,15.664],[-5.515,9.725],[0,0],[0,0]],"o":[[0,0],[11.815,-37.46],[10.165,-14.616],[10.136,-15.664],[5.515,-9.725],[0,0],[0,0]],"v":[[-74.381,187.036],[-21.837,124.224],[23.236,89.051],[37.202,50.697],[58.576,20.098],[72.036,0.708],[72.237,185.712]],"c":false}]},{"i":{"x":0.667,"y":1},"o":{"x":0.167,"y":0.167},"t":410,"s":[{"i":[[0,0],[-11.815,37.46],[-10.165,14.616],[-10.136,15.664],[-5.515,9.725],[0,0],[0,0]],"o":[[0,0],[11.815,-37.46],[10.165,-14.616],[10.136,-15.664],[5.515,-9.725],[0,0],[0,0]],"v":[[-74.381,187.036],[-21.837,124.224],[23.236,89.051],[37.202,50.697],[58.576,20.098],[72.036,0.708],[72.237,185.712]],"c":false}]},{"i":{"x":0.667,"y":1},"o":{"x":0.167,"y":0.167},"t":477,"s":[{"i":[[0,0],[-24.004,77.372],[-4.218,23.216],[-17.74,0.15],[-1.32,-13.745],[0,0],[0,0]],"o":[[0,0],[24.004,-77.373],[7.634,-42.015],[17.948,-0.152],[1.13,11.762],[0,0],[0,0]],"v":[[-74.381,187.036],[-21.837,71.689],[18.679,-135.297],[50.872,-237.979],[68.761,-177.177],[72.237,-81.312],[72.237,185.712]],"c":false}]},{"i":{"x":0.833,"y":1},"o":{"x":0.167,"y":0.167},"t":570,"s":[{"i":[[0,0],[-24.004,77.372],[-4.218,23.216],[-17.74,0.15],[-1.32,-13.745],[0,0],[0,0]],"o":[[0,0],[24.004,-77.373],[7.634,-42.015],[17.948,-0.152],[1.13,11.762],[0,0],[0,0]],"v":[[-74.381,187.036],[-21.837,71.689],[18.679,-135.297],[50.872,-237.979],[68.761,-177.177],[72.237,-81.312],[72.237,185.712]],"c":false}]},{"t":588.000023949731,"s":[{"i":[[0,0],[-14.988,-0.122],[-7.787,-0.087],[-12.333,0],[-13.918,-0.88],[0,0],[0,0]],"o":[[0,0],[8.063,0.065],[11.237,0.126],[12.333,0],[0.288,0.193],[0,0],[0,0]],"v":[[-71.165,188.913],[-32.022,189.357],[-7.589,189.029],[21.924,189.005],[71.71,189.498],[71.969,189.138],[71.969,188.928]],"c":false}]}],"ix":2},"nm":"Path 1","mn":"ADBE Vector Shape - Group","hd":false},{"ty":"fl","c":{"a":0,"k":[0,0.156862750649,0.333333343267,1],"ix":4},"o":{"a":0,"k":100,"ix":5},"r":1,"bm":0,"nm":"Fill 1","mn":"ADBE Vector Graphic - Fill","hd":false},{"ty":"tr","p":{"a":0,"k":[93.449,289.133],"ix":2},"a":{"a":0,"k":[0,0],"ix":1},"s":{"a":0,"k":[100,100],"ix":3},"r":{"a":0,"k":0,"ix":6},"o":{"a":1,"k":[{"i":{"x":[0.833],"y":[0.833]},"o":{"x":[0.167],"y":[0.167]},"t":151,"s":[0]},{"t":161.000006557664,"s":[100]}],"ix":7},"sk":{"a":0,"k":0,"ix":4},"sa":{"a":0,"k":0,"ix":5},"nm":"Transform"}],"nm":"Group 19","np":2,"cix":2,"bm":0,"ix":10,"mn":"ADBE Vector Group","hd":false}],"ip":0,"op":3000.00012219251,"st":0,"bm":0}],"markers":[]}